Sample	is_biallelic(GBAP1-like_variant_exon9-11)	is_carrier(GBAP1-like_variant_exon9-11)	CN(GBA+GBAP1)	deletion_breakpoint_in_GBA	GBAP1-like_variant_exon9-11	other_unphased_variants
1085343_23193_0_0	False	False	4	N/A	None	None
1007609_23193_0_0	False	False	4	N/A	None	None
1050763_23193_0_0	False	False	4	N/A	None	None
1009663_23193_0_0	False	False	4	N/A	None	None
1013541_23193_0_0	False	False	4	N/A	None	None
1064798_23193_0_0	False	False	4	N/A	None	None
1079850_23193_0_0	False	False	4	N/A	None	None
1039879_23193_0_0	False	False	4	N/A	None	None
1005892_23193_0_0	False	False	4	N/A	None	None
1059060_23193_0_0	False	False	4	N/A	None	None
1044122_23193_0_0	False	False	4	N/A	None	None
1026709_23193_0_0	False	False	4	N/A	None	None
1085267_23193_0_0	False	False	4	N/A	None	None
1037489_23193_0_0	False	False	4	N/A	None	None
1034280_23193_0_0	False	False	4	N/A	None	None
1096019_23193_0_0	False	False	4	N/A	None	c.1226A>G(p.Asn409Ser)
1058542_23193_0_0	False	False	4	N/A	None	None
1053758_23193_0_0	False	False	4	N/A	None	c.1093G>A(p.Glu365Lys)
1041672_23193_0_0	False	False	4	N/A	None	None
1052720_23193_0_0	False	False	4	N/A	None	None
1044591_23193_0_0	False	False	4	N/A	None	None
1048670_23193_0_0	False	False	4	N/A	None	None
1099344_23193_0_0	False	False	4	N/A	None	None
1016215_23193_0_0	False	False	4	N/A	None	None
1079868_23193_0_0	False	False	4	N/A	None	None
1032396_23193_0_0	False	False	4	N/A	None	c.1226A>G(p.Asn409Ser)
1050297_23193_0_0	False	False	4	N/A	None	None
1093070_23193_0_0	False	False	4	N/A	None	None
1017316_23193_0_0	False	False	4	N/A	None	None
1033191_23193_0_0	False	False	4	N/A	None	None
1027606_23193_0_0	False	False	4	N/A	None	None
1005926_23193_0_0	False	False	4	N/A	None	None
1079029_23193_0_0	False	False	4	N/A	None	None
1019968_23193_0_0	False	False	4	N/A	None	None
1007081_23193_0_0	False	False	4	N/A	None	None
1080792_23193_0_0	False	False	4	N/A	None	None
1064723_23193_0_0	False	False	4	N/A	None	None
1089633_23193_0_0	False	False	4	N/A	None	None
1044650_23193_0_0	False	False	4	N/A	None	None
1016749_23193_0_0	False	False	4	N/A	None	None
1065262_23193_0_0	False	False	4	N/A	None	None
1050772_23193_0_0	False	False	4	N/A	None	None
1083126_23193_0_0	False	False	4	N/A	None	None
1054657_23193_0_0	False	False	4	N/A	None	None
1036943_23193_0_0	False	False	4	N/A	None	None
1043115_23193_0_0	False	False	4	N/A	None	None
1039823_23193_0_0	False	False	4	N/A	None	None
1098001_23193_0_0	False	False	4	N/A	None	None
1047083_23193_0_0	False	False	4	N/A	None	None
1066148_23193_0_0	False	False	4	N/A	None	None
1054214_23193_0_0	False	False	4	N/A	None	c.1223C>T(p.Thr408Met)
1061824_23193_0_0	False	False	4	N/A	None	None
1060368_23193_0_0	False	False	4	N/A	None	None
1052708_23193_0_0	False	False	4	N/A	None	None
1099576_23193_0_0	False	False	4	N/A	None	None
1058273_23193_0_0	False	False	4	N/A	None	None
1066651_23193_0_0	False	False	7	N/A	None	None
1018798_23193_0_0	False	False	4	N/A	None	None
1065684_23193_0_0	False	False	4	N/A	None	None
1039522_23193_0_0	False	False	4	N/A	None	None
1003385_23193_0_0	False	False	4	N/A	None	None
1061791_23193_0_0	False	False	4	N/A	None	None
1079400_23193_0_0	False	False	4	N/A	None	None
1036724_23193_0_0	False	False	4	N/A	None	None
1048448_23193_0_0	False	False	4	N/A	None	None
1087214_23193_0_0	False	False	4	N/A	None	None
1053149_23193_0_0	False	False	4	N/A	None	None
1004785_23193_0_0	False	False	4	N/A	None	None
1024780_23193_0_0	False	False	4	N/A	None	None
1012945_23193_0_0	False	False	4	N/A	None	None
1028315_23193_0_0	False	False	4	N/A	None	None
1083513_23193_0_0	False	False	4	N/A	None	None
1093526_23193_0_0	False	False	4	N/A	None	None
1027215_23193_0_0	False	False	4	N/A	None	None
1059195_23193_0_0	False	False	4	N/A	None	None
1002664_23193_0_0	False	False	4	N/A	None	None
1005469_23193_0_0	False	False	4	N/A	None	None
1078429_23193_0_0	False	False	4	N/A	None	None
1041429_23193_0_0	False	False	4	N/A	None	None
1020257_23193_0_0	False	False	4	N/A	None	None
1005647_23193_0_0	False	False	4	N/A	None	None
1090345_23193_0_0	False	False	4	N/A	None	None
1001598_23193_0_0	False	False	4	N/A	None	None
1002612_23193_0_0	False	False	4	N/A	None	None
1057067_23193_0_0	False	False	4	N/A	None	None
1066445_23193_0_0	False	False	4	N/A	None	None
1007323_23193_0_0	False	False	4	N/A	None	None
1077161_23193_0_0	False	False	4	N/A	None	None
1043763_23193_0_0	False	False	4	N/A	None	None
1031372_23193_0_0	False	False	4	N/A	None	None
1085395_23193_0_0	False	False	4	N/A	None	None
1028622_23193_0_0	False	False	4	N/A	None	None
1068103_23193_0_0	False	False	4	N/A	None	None
1081136_23193_0_0	False	False	4	N/A	None	None
1047904_23193_0_0	False	False	4	N/A	None	None
1020223_23193_0_0	False	False	4	N/A	None	None
1040883_23193_0_0	False	False	4	N/A	None	None
1048840_23193_0_0	False	False	4	N/A	None	None
1046795_23193_0_0	False	False	4	N/A	None	None
1060118_23193_0_0	False	False	4	N/A	None	None
